<configuration>
  <appender name="FILE" class="ch.qos.logback.core.FileAppender">
    <file>logs/ticket-overlords.log</file>
    <encoder>
      <pattern>
%date %level [%thread] %logger{10} [%file:%line] %msg %n
      </pattern>
    </encoder>
  </appender>

  <appender name="STDOUT" class="ch.qos.logback.core.ConsoleAppender">

    <encoder>
      <pattern>
%gray([%-20file:%-3line]) %highlight(%-5level) %boldBlue(%logger{15}) :: %msg %n
      </pattern>
    </encoder>

  </appender>

  <logger name="play" level="INFO" />
  <logger name="application" level="DEBUG" />

  <root level="WARN">
    <appender-ref ref="FILE" />
    <appender-ref ref="STDOUT" />
  </root>
</configuration>